customer_id,name,city,state,join_date
1,Laura Taylor,New York,NY,2023-04-24
2,Emily Davis,Los Angeles,CA,2023-08-14
3,Robert Thomas,Philadelphia,PA,2023-02-28
4,Linda Martinez,Phoenix,AZ,2023-02-01
5,David Wilson,Houston,TX,2023-04-07
6,Robert Thomas,Phoenix,AZ,2023-03-17
7,Robert Thomas,Chicago,IL,2023-03-05
8,Michael Johnson,Phoenix,AZ,2023-11-02
9,Alice Smith,Philadelphia,PA,2023-10-07
10,Alice Smith,Houston,TX,2023-05-03
11,Emily Davis,Philadelphia,PA,2023-02-18
12,Michael Johnson,Chicago,IL,2023-11-26
13,Linda Martinez,Phoenix,AZ,2023-02-14
14,Linda Martinez,New York,NY,2023-08-28
15,David Wilson,Houston,TX,2023-03-25
16,Michael Johnson,New York,NY,2023-08-06
17,James Anderson,Phoenix,AZ,2023-06-01
18,Michael Johnson,Phoenix,AZ,2023-03-31
19,David Wilson,Philadelphia,PA,2023-01-02
20,John Doe,Chicago,IL,2023-08-28
